Answer ID,token,age,sex,Device,Device OS,Browser,Window size,Source,Status,Reward,"Completion time, s",Answer Date,1. Choice – How often do you cook dinner at home?,"1. Choice, other answers – How often do you cook dinner at home?",2. Choice – Which Larkspur features have you used in the last month?: Weekly meal plans,2. Choice – Which Larkspur features have you used in the last month?: Grocery list,2. Choice – Which Larkspur features have you used in the last month?: Pantry tracker,2. Choice – Which Larkspur features have you used in the last month?: Recipe import,2. Choice – Which Larkspur features have you used in the last month?: Other,2. Choice – Which Larkspur features have you used in the last month?: Other (text),2. Choice – Which Larkspur features have you used in the last month?: None of the above,3. Scale – How satisfied are you with Larkspur overall?,4. Open question – What would make Larkspur more useful for you?,"5. Matrix, Weekly meal plans","5. Matrix, Grocery list","5. Matrix, Pantry tracker","6. Card sort, Oatmeal","6. Card sort, Lentil soup","6. Card sort, Chicken wrap","6. Card sort, Fruit salad","6. Card sort, Pancakes","7. Figma, response time (ms) – Add a recipe to Saturday dinner","7. Figma, final screen – Add a recipe to Saturday dinner","7. Figma, status – Add a recipe to Saturday dinner","8. Live website, response time (ms) – Find the pricing page on the Larkspur site","8. Live website, result – Find the pricing page on the Larkspur site","9. Click, response time (ms) – Where would you tap to start a new meal plan?",10. Question – Tell us about the last time you planned meals for a week,11. AI – What stops you from cooking more often?,11. AI – What stops you from cooking more often?: tags,12. NPS – How likely are you to recommend Larkspur to a friend?,13. Ranking – Rank these by importance: Price,13. Ranking – Rank these by importance: Recipe variety,13. Ranking – Rank these by importance: Ease of use,14. Agreement,15. Tree testing – Where would you find your saved recipes?: status,15. Tree testing – Where would you find your saved recipes?: selected node,16. Preference - Which home screen do you prefer?
a-0001,tok-4f1a,35-44,female,desktop,macOS 15,Chrome 128,1440x900,link,Completed,0.50,412,2026-03-04 10:12:33,A few times a week,,TRUE,TRUE,FALSE,FALSE,FALSE,,FALSE,4,Let me paste a recipe link and have the ingredients added to the list automatically.,Easy to use;Saves time,Saves time,Hard to find,Breakfast,Lunch,Lunch,Snack,Breakfast,18420,Saturday dinner,Succeeded,23110,Succeeded,3120,"AI: What was the hardest part of planning that week?; User: Finding recipes that everyone in the house would eat.; AI: Did Larkspur help with that?; User: Partly, the filters are good but the kids still said no to lentils.;","AI: What usually gets in the way?; User: Time. I get home late and ordering in is quicker.; AI: Would a shorter recipe list help?; User: Yes, under 20 minutes would be ideal.;",,9,2,1,3,Agree,Succeeded,Home > Cookbook > Saved,Calendar view
a-0002,tok-9c2d,25-34,male,mobile,iOS 18,Safari 18,390x844,link,Completed,0.50,388,2026-03-04 10:31:07,Every day,,TRUE,FALSE,TRUE,FALSE,TRUE,Leftover suggestions,FALSE,5,"""Honestly, it is fine as it is, but the pantry tracker forgets things I scanned.""",Easy to use;Saves time,Saves time,Hard to find,Breakfast,Dinner,Dinner,Snack,Breakfast,25980,Saturday dinner,Succeeded,15400,Succeeded,2050,"Planned Sunday night with the whole family, took about twenty minutes.","AI: What usually gets in the way?; User: Nothing really, I cook most days.;",,10,3,2,1,Agree,Succeeded,Home > Cookbook > Saved,Calendar view
a-0003,tok-1e7b,18-24,female,mobile,Android 15,Chrome 128,412x915,link,Completed,0.50,97,2026-03-04 11:02:51,Rarely,,FALSE,FALSE,FALSE,FALSE,FALSE,,TRUE,3,nothing,Easy to use,Easy to use,Easy to use,Breakfast,Lunch,Lunch,,,4110,Home,Gave up,3900,Gave up,640,ok,AI: What usually gets in the way?; User: dont know;,,7,1,2,3,Agree,Failed,Home > Plans > This week,List view
a-0004,tok-77aa,45-54,male,desktop,Windows 11,Edge 128,1920x1080,link,Completed,0.50,521,2026-03-04 11:15:19,Once a week,,FALSE,TRUE,FALSE,TRUE,FALSE,,FALSE,4,"A shared list my partner can edit from her phone, and a way to mark items we already have.",Easy to use;Saves time,Saves time,Hard to find,Breakfast,Lunch,Lunch,Snack,Breakfast,31250,Saturday dinner,Succeeded,41200,Succeeded,4480,AI: Walk me through how you chose the dishes.; User: I just reused last month's plan and swapped two dinners.;,AI: What usually gets in the way?; User: Shopping. If the ingredients are not in the house I give up and order.;,,8,1,3,2,Agree,Succeeded,Home > Cookbook > Saved,Calendar view
a-0005,tok-b3c9,35-44,female,mobile,iOS 18,Safari 18,393x852,link,Completed,0.50,305,2026-03-04 12:40:02,Other,"I cook lunches, not dinners",TRUE,FALSE,FALSE,FALSE,FALSE,,FALSE,4,"Lunch-box mode: five portable lunches for the week, not just dinners.",Easy to use;Saves time,Saves time,Hard to find,Breakfast,Lunch,Lunch,Snack,Breakfast,22140,Saturday dinner,Succeeded,19870,Succeeded,2890,Last week. I picked five dinners from the suggestions and only changed one.,"AI: What usually gets in the way?; User: Picky eaters at home, so I end up making two versions.;",,8,2,3,1,Agree,Succeeded,Home > Cookbook > Saved,List view
a-0006,tok-5d0e,25-34,male,desktop,macOS 15,Firefox 130,1536x864,link,Completed,0.50,276,2026-03-04 13:05:44,A few times a week,,TRUE,TRUE,TRUE,TRUE,FALSE,,FALSE,5,Cheaper annual plan.,Easy to use;Saves time,Saves time,Hard to find,Breakfast,Dinner,Dinner,Snack,Breakfast,17600,Saturday dinner,Succeeded,12300,Succeeded,1980,I planned on Saturday morning while having coffee; it took ten minutes with the app.,"AI: What usually gets in the way?; User: Nothing, I like cooking.;",,9,1,2,3,Agree,Succeeded,Home > Cookbook > Saved,Calendar view
a-0007,tok-c8f2,55-64,female,desktop,Windows 10,Chrome 127,1366x768,link,Completed,0.50,644,2026-03-04 14:22:10,Every day,,FALSE,TRUE,FALSE,FALSE,FALSE,,FALSE,3,Bigger text and fewer steps to print the shopping list.,Easy to use;Saves time,Saves time,Hard to find,Breakfast,Lunch,Lunch,Snack,Breakfast,,,,38800,Succeeded,5120,"I write my plan on paper first and then copy it into the app, which feels backwards.","AI: What usually gets in the way?; User: Not applicable, I cook every day.;",,6,3,1,2,Agree,Failed,Home > Plans > This week,List view
a-0008,tok-2a9d,25-34,female,mobile,Android 14,Chrome 128,360x800,link,Completed,0.50,118,2026-03-04 14:48:36,Once a week,,FALSE,FALSE,FALSE,FALSE,FALSE,,TRUE,4,good app,Easy to use,Easy to use,Easy to use,Breakfast,Lunch,Lunch,,,6900,Saturday dinner,Succeeded,5100,Succeeded,720,good,AI: What usually gets in the way?; User: good;,,8,1,2,3,Agree,Succeeded,Home > Cookbook > Saved,Calendar view
a-0009,tok-e4b1,35-44,male,desktop,Linux,Firefox 130,1920x1200,link,Completed,0.50,359,2026-03-04 15:10:58,A few times a week,,FALSE,FALSE,FALSE,TRUE,TRUE,Calorie counting,FALSE,4,"Import from any site, not only the supported ones; half my bookmarks fail.",Easy to use;Saves time,Saves time,Hard to find,Breakfast,Lunch,Lunch,Snack,Breakfast,20300,Saturday dinner,Succeeded,17650,Succeeded,2640,Two weeks ago. I imported four recipes and let the app fill the rest.,AI: What usually gets in the way?; User: Energy after work. The 15-minute filter helps.;,,7,2,1,3,Agree,Succeeded,Home > Cookbook > Saved,Calendar view
a-0010,tok-0f6c,18-24,male,mobile,iOS 17,Safari 17,375x812,link,Completed,0.50,241,2026-03-04 16:03:21,Rarely,,TRUE,TRUE,FALSE,FALSE,FALSE,,FALSE,3,More vegetarian options that are not just salads.,Easy to use;Saves time,Saves time,Hard to find,Breakfast,Dinner,Dinner,Snack,Breakfast,28700,Saturday dinner,Succeeded,21400,Succeeded,3310,"Honestly I have only planned once, for a week when friends stayed over.",AI: What usually gets in the way?; User: I live alone and cooking for one feels like a waste.;,,6,1,3,2,Agree,Succeeded,Home > Cookbook > Saved,List view
a-0011,tok-3b8e,45-54,female,desktop,macOS 14,Safari 17,1680x1050,link,Completed,0.50,467,2026-03-04 16:45:09,Every day,,TRUE,FALSE,TRUE,FALSE,FALSE,,FALSE,5,"Nothing comes to mind, maybe seasonal menus.",Easy to use;Saves time,Saves time,Hard to find,Breakfast,Lunch,Lunch,Snack,Breakfast,19950,Saturday dinner,Succeeded,14200,Succeeded,2210,AI: Walk me through how you chose the dishes.; User: I just reused last month's plan and swapped two dinners.;,AI: What usually gets in the way?; User: Nothing stops me; I would like more recipes from other cuisines.;,,9,3,1,2,Agree,Succeeded,Home > Cookbook > Saved,Calendar view
a-0012,tok-a1d4,25-34,female,mobile,Android 15,Chrome 128,412x915,link,Completed,0.50,333,2026-03-04 17:20:47,A few times a week,,FALSE,TRUE,FALSE,FALSE,TRUE,,FALSE,4,Sync with my supermarket so the list turns into an order.,Easy to use;Saves time,Saves time,Hard to find,Breakfast,Lunch,Lunch,Snack,Breakfast,24600,Saturday dinner,Succeeded,16900,Succeeded,2770,"Last Sunday, mostly reusing favourites and adding one new soup.",AI: What usually gets in the way?; User: Deciding what to cook; once I decide the rest is easy.;,,8,2,2,1,Agree,Succeeded,Home > Cookbook > Saved,Calendar view
a-0013,tok-7e2f,65+,male,desktop,Windows 11,Chrome 128,1920x1080,link,Screened out,0.00,21,2026-03-04 17:31:12,Never,,,,,,,,,,,,,,,,,,,,,,,,,,,,,,,,,,,
